Francisco;male
Guillem;male
Juan;male
Jordi;male
Antònia;female
Raúl;male
Alberto;male
Sara;female
Miguel;male
Víctor;male
Alba;female
Daniel;male
Claudia;female
Federico;male
Álvaro;male
Rafa;male
Fernando;male
Agustín;male
Zuria;female
Andreu;male
Rafael;male
Teresa;female
Maribel;female
Antonio;male
Xavier;male
Héctor;male
Eulàlia;female
José;male
Javier;male
Oscar;male
Victoria;female
Pablo;male
Irene;female
María;female
Andrew;male
Elena;female
David;male
Carlos;male
Esteban;male
Mario;male
Alicia;female
Mar;female
Jose;male
Pedro;male
Enrique;male
Jérôme;male
Ale;male
Jesús;male
Maite;female
Maria;female
Rubén;male
Salvador;male
Josema;male
Cayetano;male
Victor;male
Marta;female
Martina;female
Gloria;female
Andros;male
Gema;female
Santiago;male
Alejandro;male
Ignacio;male
Diego;male
Javi;male
Rodrigo;male
Ricardo;male
Luis;male
J.C.;male
J.;male
Valery;male
Roberto;male
Manuel;male
Naomi;female
Adrián;male
Siro;male
Beatriz;female
Andrés;male
Andy;male
Jorge;male
Ana;female
Jara;male
Ivan;male
Yamila;female
Braulio;male
Justyna;female
​Juan;unknown
Dario;male
Eyad;male
Benjamin;male
Sergi;male
Jaime;male
Isidro;male
Alvaro;male
Fran;male
Alejadro;male
Tomas;male
Uzi;male
Robert;male
Israel;male
ANTONI;male
Adolfo;male
resto;male
Miquel;male
Cristóbal;male
César;male
Francesc;male
Joaquín;male
Anton;male
Christine;female
Guillermo;male
Cesar;male
Imanol;male
Urtzi;male
Edu;male
Mikel;male
Mercè;female
Julio;male
Geoinquietos;unknown
Pau;male
Arnau;male
Saul;male
Aitor;male
James;male
Lluis;male
Mayte;female
Angela;female
Toni;male
CodeSyntax;unknown
Samuel;male
Néstor;male
Eduardo;male
Oriol;male
Jesus;male
Kiko;male
Nuria;female
Nestor;male
Quique;male
Iván;male
Saúl;male
Isaías;male
Andrey;male
Sebastià;male
Esteve;male
Aitzol;male
